{
  "model": "Qwen/Qwen2.5-7B-Instruct",
  "n_layers": 28,
  "n_hidden_states": 29,
  "recovery": [
    [
      0.0,
      0.0,
      0.0,
      0.0,
      0.0,
      1.0,
      0.0,
      0.0,
      0.0,
      0.0,
      0.0,
      0.0,
      0.0,
      0.0,
      0.0
    ],
    [
      0.00541336219095242,
      0.007566447622978415,
      0.005058601726734351,
      0.006087007502782563,
      0.009752244827911533,
      0.9928757015529172,
      0.0,
      0.0,
      0.0,
      0.0,
      0.0,
      0.0,
      0.0,
      0.0,
      0.0
    ],
    [
      0.00507260279923388,
      0.009652798592421089,
      0.004765122192814333,
      0.012703383672886658,
      0.006053287183529721,
      0.9869312177897647,
      0.0,
      0.0,
      0.0,
      0.0,
      0.0,
      0.0,
      0.0,
      0.0,
      0.0
    ],
    [
      0.006495162893260995,
      0.006838426068354563,
      0.009456870053137908,
      0.006813435795168885,
      0.005902607000277307,
      0.9937102147297117,
      0.0,
      0.0,
      0.0,
      0.0,
      0.0,
      0.0,
      0.0,
      0.0,
      0.0
    ],
    [
      0.0038917138912722775,
      0.00933454394038497,
      0.004116938046092191,
      0.009086782356041826,
      0.0065437764016833665,
      0.9917602693728255,
      0.0,
      0.0,
      0.0,
      0.0,
      0.0,
      0.0,
      0.0,
      0.0,
      0.0
    ],
    [
      0.005178732441342376,
      0.006687003542284687,
      0.005295372770687102,
      0.006597066687714228,
      0.00859276039484859,
      0.9935402167795356,
      0.0,
      0.0,
      0.0,
      0.0,
      0.0,
      0.0,
      0.0,
      0.0,
      0.0
    ],
    [
      0.0057850924003921824,
      0.008655756596356914,
      0.005424237734536544,
      0.007283006820748031,
      0.007937666078355894,
      0.9938527359991111,
      0.0,
      0.0,
      0.0,
      0.0,
      0.0,
      0.0,
      0.0,
      0.0,
      0.0
    ],
    [
      0.005597175696655565,
      0.011798192721750568,
      0.0057914726581150015,
      0.010736102910863713,
      0.005906086368438131,
      0.9916927396385471,
      0.0,
      0.0,
      0.0,
      0.0,
      0.0,
      0.0,
      0.0,
      0.0,
      0.0
    ],
    [
      0.005764620362787333,
      0.009595005637460123,
      0.00585854465572602,
      0.018091490322692586,
      0.007039770829213931,
      0.9874586396144366,
      0.0,
      0.0,
      0.0,
      0.0,
      0.0,
      0.0,
      0.0,
      0.0,
      0.0
    ],
    [
      0.0046417793060446865,
      0.01101681820451415,
      0.006655218420216167,
      0.005126585704503456,
      0.0076833546351157914,
      0.9893905543107512,
      0.0,
      0.0,
      0.0,
      0.0,
      0.0,
      0.0,
      0.0,
      0.0,
      0.0
    ],
    [
      0.005077765005564268,
      0.011324072129117653,
      0.004454158188119348,
      0.007047042379638511,
      0.008371022890594826,
      0.9883643098177203,
      0.0,
      0.0,
      0.0,
      0.0,
      0.0,
      0.0,
      0.0,
      0.0,
      0.0
    ],
    [
      0.00438549989400712,
      0.010775722385341158,
      0.005255732811765207,
      0.005110209598957873,
      0.008777279045409545,
      0.9833747501833378,
      0.0,
      0.0,
      0.0,
      0.0,
      0.0,
      0.0,
      0.0,
      0.0,
      0.0
    ],
    [
      0.010048867124128407,
      0.007441214433549289,
      0.006450806166964206,
      0.006618424608127129,
      0.009837774628825348,
      0.9751544610727179,
      0.0,
      0.0,
      0.0,
      0.0,
      0.0,
      0.0,
      0.0,
      0.0,
      0.0
    ],
    [
      0.010179827787392912,
      0.009389664642674338,
      0.005125918950216821,
      0.017229602152539394,
      0.019645034629318284,
      0.9655528109542957,
      0.0,
      0.0,
      0.0,
      0.0,
      0.0,
      0.0,
      0.0,
      0.0,
      0.0
    ],
    [
      0.009816800968566925,
      0.0096415687334952,
      0.00461234342756712,
      0.00909207582054156,
      0.015833972684279846,
      0.9633332615458261,
      0.0,
      0.0,
      0.0,
      0.0,
      0.0,
      0.0,
      0.0,
      0.0,
      0.0
    ],
    [
      0.014739558864381313,
      0.008143681909157742,
      0.006100055591416108,
      0.013342264481613788,
      0.02021022480377812,
      0.9554416232796099,
      0.0,
      0.0,
      0.0,
      0.0,
      0.0,
      0.0,
      0.0,
      0.0,
      0.0
    ],
    [
      0.009413205730160946,
      0.007825654669368532,
      0.007146527923113184,
      0.011362352944798705,
      0.013346673983316452,
      0.9146170083886096,
      0.0,
      0.0,
      0.0,
      0.0,
      0.0,
      0.0,
      0.0,
      0.0,
      0.0
    ],
    [
      0.015090129133333609,
      0.006488813746281107,
      0.003126859027188924,
      0.01382711218989347,
      0.020017208287494818,
      0.7786230276538624,
      0.0,
      0.0,
      0.0,
      0.0,
      0.0,
      0.0,
      0.0,
      0.0,
      0.0
    ],
    [
      0.026194272259583404,
      0.00985905521177758,
      0.0037334687273042973,
      0.012749115447683734,
      0.032814913156847966,
      0.6722123538210509,
      0.0,
      0.0,
      0.0,
      0.0,
      0.0,
      0.0,
      0.0,
      0.0,
      0.0
    ],
    [
      0.7035773815386287,
      0.033053154925258205,
      0.04730183808536461,
      0.006231255922632251,
      0.0798422593575336,
      0.01798729599230434,
      0.0,
      0.0,
      0.0,
      0.0,
      0.0,
      0.0,
      0.0,
      0.0,
      0.0
    ],
    [
      0.819979380942311,
      0.035815226731736545,
      0.04912616304355135,
      0.006634899962571469,
      0.05100784230914686,
      0.010224328756036986,
      0.0,
      0.0,
      0.0,
      0.0,
      0.0,
      0.0,
      0.0,
      0.0,
      0.0
    ],
    [
      0.9368784401084292,
      0.05076101252153249,
      0.0123224690077259,
      0.006396020037240018,
      0.013978950053664323,
      0.007246125246590528,
      0.0,
      0.0,
      0.0,
      0.0,
      0.0,
      0.0,
      0.0,
      0.0,
      0.0
    ],
    [
      0.9544420472889601,
      0.040123325461061704,
      0.009595672405027417,
      0.004180925928319993,
      0.00797205417810496,
      0.012147239567046417,
      0.0,
      0.0,
      0.0,
      0.0,
      0.0,
      0.0,
      0.0,
      0.0,
      0.0
    ],
    [
      0.9588399162595352,
      0.04195198873973218,
      0.008106934732709372,
      0.00665770056286972,
      0.008452647783729611,
      0.005637734217213581,
      0.0,
      0.0,
      0.0,
      0.0,
      0.0,
      0.0,
      0.0,
      0.0,
      0.0
    ],
    [
      0.9751669036439445,
      0.03534324943689221,
      0.007615271157454644,
      0.006867511415829508,
      0.005136528718133606,
      0.006360476053861352,
      0.0,
      0.0,
      0.0,
      0.0,
      0.0,
      0.0,
      0.0,
      0.0,
      0.0
    ],
    [
      0.9746207812510668,
      0.022412635336226835,
      0.004429771664986236,
      0.00375308527443591,
      0.006452001453634787,
      0.006078939310833459,
      0.0,
      0.0,
      0.0,
      0.0,
      0.0,
      0.0,
      0.0,
      0.0,
      0.0
    ],
    [
      0.9877111793232214,
      0.011296302514452026,
      0.0038508203461011985,
      0.0038383104833829324,
      0.0037571242676995463,
      0.0040775482492370636,
      0.0,
      0.0,
      0.0,
      0.0,
      0.0,
      0.0,
      0.0,
      0.0,
      0.0
    ],
    [
      0.9958861415730582,
      0.0009179506285392951,
      0.0011193973881901472,
      0.0009725903100343323,
      0.0007348921787263882,
      0.002335109065825585,
      0.0,
      0.0,
      0.0,
      0.0,
      0.0,
      0.0,
      0.0,
      0.0,
      0.0
    ],
    [
      1.0,
      0.0,
      0.0,
      0.0,
      0.0,
      0.0,
      0.0,
      0.0,
      0.0,
      0.0,
      0.0,
      0.0,
      0.0,
      0.0,
      0.0
    ]
  ],