{
  "common_claim_3class": {
    "A: anchor_blend_fixed": {
      "auroc": 0.7682081251183289,
      "accuracy": 0.665,
      "f1_macro": 0.48868868678684735,
      "anchor": "pca_lr",
      "alpha": 0.5
    },
    "B: lcb_weighted_avg": {
      "auroc": 0.77378117670018,
      "accuracy": 0.674,
      "f1_macro": 0.5238692059332498,
      "temp": 0.05,
      "weights": {
        "lr_probe": 0.26191447706198995,
        "pca_lr": 0.2998431645478066,
        "iti": 0.12220919562806196,
        "kb_mlp": 0.21458000643272682,
        "attn_satisfies": 0.09533102839157974,
        "sep": 0.0027258093874762794,
        "step": 0.003396318550358761
      }
    },
    "C: fold_dro_simplex": {
      "auroc": 0.7685700279589026,
      "accuracy": 0.658,
      "f1_macro": 0.4522380409810108,
      "weights": {
        "lr_probe": 0.14285204067966772,
        "pca_lr": 0.14285204067966772,
        "iti": 0.14285204067966772,
        "kb_mlp": 0.14285204067966772,
        "attn_satisfies": 0.14285204067966772,
        "sep": 0.14286989830083074,
        "step": 0.14286989830083074
      },
      "worst_fold_auroc": 0.7340946509733044
    },
    "D: anchor_dro_gate": {
      "auroc": 0.7655775938262068,
      "accuracy": 0.662,
      "f1_macro": 0.4938844448504587,
      "anchor": "pca_lr",
      "gate_C": 0.001,
      "gate_mean": 0.3153818815162309,
      "dro_weights": {
        "lr_probe": 0.14285204067966772,
        "pca_lr": 0.14285204067966772,
        "iti": 0.14285204067966772,
        "kb_mlp": 0.14285204067966772,
        "attn_satisfies": 0.14285204067966772,
        "sep": 0.14286989830083074,
        "step": 0.14286989830083074
      }
    },
    "E: cv_stack_anchor_shrink": {
      "auroc": 0.7729409289397363,
      "accuracy": 0.67,
      "f1_macro": 0.5160388467250003,
      "anchor": "pca_lr",
      "shrink": 0.3,
      "stacking_C": 0.1
    }
  },
  "e2h_amc_3class": {
    "A: anchor_blend_fixed": {
      "auroc": 0.9019089996244632,
      "accuracy": 0.747563025210084,
      "f1_macro": 0.7034455628495832,
      "anchor": "pca_lr",
      "alpha": 0.5
    },
    "B: lcb_weighted_avg": {
      "auroc": 0.9029565520547539,
      "accuracy": 0.761344537815126,
      "f1_macro": 0.721942989474532,
      "temp": 0.05,
      "weights": {
        "lr_probe": 0.2688850608821699,
        "pca_lr": 0.35042943477629074,
        "iti": 0.15645857192807147,
        "kb_mlp": 0.12645421441743565,
        "attn_satisfies": 0.09465066637753816,
        "sep": 0.0022620439805683436,
        "step": 0.0008600076379258058
      }
    },
    "C: fold_dro_simplex": {
      "auroc": 0.8975805263953256,
      "accuracy": 0.7482352941176471,
      "f1_macro": 0.7028493191286055,
      "weights": {
        "lr_probe": 0.14285714285714285,
        "pca_lr": 0.14285714285714285,
        "iti": 0.14285714285714285,
        "kb_mlp": 0.14285714285714285,
        "attn_satisfies": 0.14285714285714285,
        "sep": 0.14285714285714285,
        "step": 0.14285714285714285
      },
      "worst_fold_auroc": 0.8706518231075039
    },
    "D: anchor_dro_gate": {
      "auroc": 0.9002873317167371,
      "accuracy": 0.747563025210084,
      "f1_macro": 0.7032183927341317,
      "anchor": "pca_lr",
      "gate_C": 0.01,
      "gate_mean": 0.2569208243317958,
      "dro_weights": {
        "lr_probe": 0.14285714285714285,
        "pca_lr": 0.14285714285714285,
        "iti": 0.14285714285714285,
        "kb_mlp": 0.14285714285714285,
        "attn_satisfies": 0.14285714285714285,
        "sep": 0.14285714285714285,
        "step": 0.14285714285714285
      }
    },
    "E: cv_stack_anchor_shrink": {
      "auroc": 0.904278592226634,
      "accuracy": 0.7519327731092437,
      "f1_macro": 0.6974002135553139,
      "anchor": "pca_lr",
      "shrink": 0.2,
      "stacking_C": 0.01
    }
  },
  "e2h_amc_5class": {
    "A: anchor_blend_fixed": {
      "auroc": 0.8841218673069097,
      "accuracy": 0.6090756302521009,
      "f1_macro": 0.55700644599293,
      "anchor": "pca_lr",
      "alpha": 0.3
    },
    "B: lcb_weighted_avg": {
      "auroc": 0.8846053537596335,
      "accuracy": 0.612436974789916,
      "f1_macro": 0.5632715583063546,
      "temp": 0.05,
      "weights": {
        "lr_probe": 0.22066807567705785,
        "pca_lr": 0.4152783565805349,
        "iti": 0.1334529086554551,
        "kb_mlp": 0.13558300952937039,
        "attn_satisfies": 0.09168486646670991,
        "sep": 0.001987008500717512,
        "step": 0.001345774590154286
      }
    },
    "C: fold_dro_simplex": {
      "auroc": 0.8767461668944602,
      "accuracy": 0.6171428571428571,
      "f1_macro": 0.5650455603133308,
      "weights": {
        "lr_probe": 0.14285714285714285,
        "pca_lr": 0.14285714285714285,
        "iti": 0.14285714285714285,
        "kb_mlp": 0.14285714285714285,
        "attn_satisfies": 0.14285714285714285,
        "sep": 0.14285714285714285,
        "step": 0.14285714285714285
      },
      "worst_fold_auroc": 0.8365983303220021
    },
    "D: anchor_dro_gate": {
      "auroc": 0.8831733329466992,
      "accuracy": 0.613109243697479,
      "f1_macro": 0.561001138093659,
      "anchor": "pca_lr",
      "gate_C": 1.0,
      "gate_mean": 0.2817734119795938,
      "dro_weights": {
        "lr_probe": 0.14285714285714285,
        "pca_lr": 0.14285714285714285,
        "iti": 0.14285714285714285,
        "kb_mlp": 0.14285714285714285,
        "attn_satisfies": 0.14285714285714285,
        "sep": 0.14285714285714285,
        "step": 0.14285714285714285
      }
    },
    "E: cv_stack_anchor_shrink": {
      "auroc": 0.8887228277160061,
      "accuracy": 0.612436974789916,
      "f1_macro": 0.5405888706709783,
      "anchor": "pca_lr",
      "shrink": 0.3,
      "stacking_C": 0.1
    }
  },
  "when2call_3class": {
    "A: anchor_blend_fixed": {
      "auroc": 0.8478966254389984,
      "accuracy": 0.6908344733242134,
      "f1_macro": 0.67991392816958,
      "anchor": "lr_probe",
      "alpha": 0.5
    },
    "B: lcb_weighted_avg": {
      "auroc": 0.8481825830536739,
      "accuracy": 0.6853625170998632,
      "f1_macro": 0.6738449151212209,
      "temp": 0.05,
      "weights": {
        "lr_probe": 0.3144154207277492,
        "pca_lr": 0.19967397356766428,
        "iti": 0.1900408968422404,
        "kb_mlp": 0.1515108562835306,
        "attn_satisfies": 0.14246999090776533,
        "sep": 0.0008556096051685871,
        "step": 0.0010332520658815469
      }
    },
    "C: fold_dro_simplex": {
      "auroc": 0.8424840282085447,
      "accuracy": 0.6703146374829001,
      "f1_macro": 0.6561099895595884,
      "weights": {
        "lr_probe": 0.14288775783536156,
        "pca_lr": 0.14285204036077306,
        "iti": 0.14285204036077306,
        "kb_mlp": 0.14285204036077306,
        "attn_satisfies": 0.14285204036077306,
        "sep": 0.14285204036077306,
        "step": 0.14285204036077306
      },
      "worst_fold_auroc": 0.8252267971092383
    },
    "D: anchor_dro_gate": {
      "auroc": 0.8469732478445775,
      "accuracy": 0.6880984952120383,
      "f1_macro": 0.6791188602964278,
      "anchor": "lr_probe",
      "gate_C": 0.1,
      "gate_mean": 0.2291877791110735,
      "dro_weights": {
        "lr_probe": 0.14288775783536156,
        "pca_lr": 0.14285204036077306,
        "iti": 0.14285204036077306,
        "kb_mlp": 0.14285204036077306,
        "attn_satisfies": 0.14285204036077306,
        "sep": 0.14285204036077306,
        "step": 0.14285204036077306
      }
    },
    "E: cv_stack_anchor_shrink": {
      "auroc": 0.852139187750312,
      "accuracy": 0.6880984952120383,
      "f1_macro": 0.6765310707988913,
      "anchor": "lr_probe",
      "shrink": 0.0,
      "stacking_C": 0.1
    }
  }
}