{
  "common_claim_3class": {
    "methods": [
      "attn_satisfies",
      "iti",
      "kb_mlp",
      "lr_probe",
      "pca_lr",
      "sep",
      "step"
    ],
    "avg_pairwise_correlation": 0.06690956080763544,
    "n_methods": 7,
    "correlation_matrix": [
      [
        1.0,
        0.0004015972976404014,
        -0.0017994094804131466,
        -0.0015298776340005138,
        -0.004616023977085434,
        -0.00039571791473205656,
        -0.00048006235807236073
      ],
      [
        0.0004015972976404014,
        0.9999999999999999,
        0.0036000946048238168,
        -0.004073584910342483,
        0.001677217112758905,
        0.008707588116654239,
        0.006125424674003835
      ],
      [
        -0.0017994094804131468,
        0.0036000946048238168,
        1.0,
        0.856568994731917,
        -0.004080463146492741,
        0.050209287475633024,
        0.1508381406880279
      ],
      [
        -0.001529877634000514,
        -0.004073584910342483,
        0.856568994731917,
        0.9999999999999999,
        -0.0016669355732062503,
        0.05174709416160837,
        0.16416928037517184
      ],
      [
        -0.004616023977085434,
        0.001677217112758905,
        -0.004080463146492741,
        -0.0016669355732062503,
        1.0,
        -0.002037183128775874,
        -0.0018700270427251004
      ],
      [
        -0.00039571791473205656,
        0.008707588116654237,
        0.050209287475633024,
        0.05174709416160837,
        -0.002037183128775874,
        0.9999999999999999,
        0.13360534288795095
      ],
      [
        -0.00048006235807236073,
        0.006125424674003835,
        0.15083814068802792,
        0.16416928037517184,
        -0.0018700270427251004,
        0.13360534288795095,
        0.9999999999999999
      ]
    ]
  },
  "when2call_3class": {
    "methods": [
      "attn_satisfies",
      "iti",
      "kb_mlp",
      "lr_probe",
      "pca_lr",
      "sep",
      "step"
    ],
    "avg_pairwise_correlation": 0.06137054791496946,
    "n_methods": 7,
    "correlation_matrix": [
      [
        1.0,
        -0.003227011973572466,
        0.00170561984438336,
        0.00100135038430815,
        0.007698672519337987,
        0.0012157233906020287,
        0.0013518726413417142
      ],
      [
        -0.0032270119735724663,
        1.0,
        0.006953124054650991,
        0.005003415264718211,
        -0.0033597681594013397,
        -0.0015259449920113776,
        0.0001061584039589542
      ],
      [
        0.0017056198443833601,
        0.006953124054650992,
        1.0,
        0.7759528282642904,
        0.0007046694163220879,
        0.08259241471177667,
        0.11094578423906314
      ],
      [
        0.00100135038430815,
        0.00500341526471821,
        0.7759528282642904,
        1.0,
        0.0062782536048965765,
        0.06157340488613686,
        0.10362071453435671
      ],
      [
        0.007698672519337987,
        -0.00335976815940134,
        0.0007046694163220879,
        0.0062782536048965765,
        1.0,
        0.0029505389583539027,
        0.0044193749075347065
      ],
      [
        0.0012157233906020287,
        -0.0015259449920113773,
        0.08259241471177668,
        0.06157340488613686,
        0.0029505389583539027,
        1.0,
        0.12282031131331118
      ],
      [
        0.001351872641341714,
        0.0001061584039589542,
        0.11094578423906315,
        0.10362071453435671,
        0.0044193749075347065,
        0.1228203113133112,
        0.9999999999999999
      ]
    ]
  },
  "fava_binary": {
    "methods": [
      "attn_satisfies",
      "iti",
      "kb_mlp",
      "lid",
      "llm_check",
      "lr_probe",
      "mm_probe",
      "pca_lr",
      "seakr",
      "sep",
      "step"
    ],
    "avg_pairwise_correlation": 0.04470569942190644,
    "n_methods": 11,
    "correlation_matrix": [
      [
        0.9999999999999998,
        0.0004548798352608651,
        0.0014296116127670974,
        -0.008470029957995341,
        0.00016335401162596616,
        0.0015929206218491957,
        0.0017685744665419962,
        0.005790287550042898,
        5.387027961213562e-05,
        -0.001503783186195553,
        0.001343908531607915
      ],
      [
        0.0004548798352608651,
        1.0,
        -0.0005044703586309818,
        0.04241575216147892,
        0.03465120291870472,
        -0.0100304976457467,
        0.001322545126920529,
        0.0031030148625549917,
        0.028513171866287868,
        -0.0060553011656684025,
        -5.0660290023016e-05
      ],
      [
        0.0014296116127670974,
        -0.0005044703586309818,
        1.0,
        -0.027177234012722987,
        -0.024073259423528517,
        0.7268743385161025,
        0.20170378971963926,
        0.002262575411937442,
        -0.07591204414226965,
        0.32126359419422945,
        0.14813779622716586
      ],
      [
        -0.008470029957995341,
        0.04241575216147892,
        -0.027177234012722987,
        1.0,
        0.25881980613399974,
        -0.039733460755716876,
        -0.00441189177092052,
        0.018039894111673015,
        0.018722892467147246,
        -0.03853206596069691,
        -0.002476293451776402
      ],
      [
        0.00016335401162596616,
        0.03465120291870472,
        -0.024073259423528514,
        0.2588198061339997,
        1.0,
        -0.02152460903446362,
        -0.03933855482809652,
        0.005145172354766968,
        0.02496518886119024,
        -0.03521755895101425,
        0.018814074018568234
      ],
      [
        0.0015929206218491957,
        -0.0100304976457467,
        0.7268743385161025,
        -0.039733460755716876,
        -0.02152460903446362,
        0.9999999999999998,
        0.4619499138413329,
        -0.0016595276598370568,
        -0.04343283927244485,
        0.26361373199369875,
        0.11176888787847464
      ],
      [
        0.001768574466541996,
        0.0013225451269205293,
        0.2017037897196393,
        -0.00441189177092052,
        -0.03933855482809653,
        0.4619499138413329,
        1.0,
        -0.0004893459899356384,
        -0.0067880103802838605,
        0.0046498615482691704,
        0.003144785121291189
      ],
      [
        0.005790287550042899,
        0.003103014862554992,
        0.002262575411937442,
        0.018039894111673015,
        0.005145172354766968,
        -0.0016595276598370566,
        -0.0004893459899356384,
        1.0,
        -0.006018086697790588,
        0.0009453470493904181,
        -0.002689241479381626
      ],
      [
        5.387027961213562e-05,
        0.028513171866287868,
        -0.07591204414226965,
        0.018722892467147246,
        0.02496518886119024,
        -0.04343283927244485,
        -0.006788010380283861,
        -0.006018086697790588,
        0.9999999999999998,
        -0.02818566886370747,
        0.02521088648453696
      ],
      [
        -0.001503783186195553,
        -0.0060553011656684025,
        0.32126359419422945,
        -0.038532065960696915,
        -0.03521755895101425,
        0.26361373199369875,
        0.0046498615482691704,
        0.0009453470493904181,
        -0.028185668863707474,
        0.9999999999999998,
        0.14445227370503297
      ],
      [
        0.001343908531607915,
        -5.066029002301599e-05,
        0.14813779622716586,
        -0.0024762934517764024,
        0.018814074018568234,
        0.11176888787847464,
        0.003144785121291189,
        -0.002689241479381626,
        0.02521088648453696,
        0.14445227370503294,
        1.0
      ]
    ]
  },
  "ragtruth_binary": {
    "methods": [
      "attn_satisfies",
      "iti",
      "kb_mlp",
      "lid",
      "llm_check",
      "lr_probe",
      "mm_probe",
      "pca_lr",
      "seakr",
      "sep",
      "step"
    ],
    "avg_pairwise_correlation": 0.05258987769254796,
    "n_methods": 11,