{
  "common_claim_3class": {
    "auroc": 0.7763648070618047,
    "accuracy": 0.667,
    "f1_macro": 0.5142365969618777,
    "delta": 0.01876480706180461,
    "meta_C": 0.0003,
    "n_meta_features": 381
  },
  "e2h_amc_3class": {
    "auroc": 0.9147767174985036,
    "accuracy": 0.7727731092436975,
    "f1_macro": 0.731476467335383,
    "delta": 0.021376717498503672,
    "meta_C": 0.001,
    "n_meta_features": 381
  },
  "e2h_amc_5class": {
    "auroc": 0.8945639348248319,
    "accuracy": 0.6225210084033613,
    "f1_macro": 0.5692705805830321,
    "delta": 0.019363934824831897,
    "meta_C": 0.003,
    "n_meta_features": 635
  },
  "when2call_3class": {
    "auroc": 0.9061529302040164,
    "accuracy": 0.774281805745554,
    "f1_macro": 0.7671041987924657,
    "delta": 0.03205293020401645,
    "meta_C": 0.003,
    "n_meta_features": 381
  }
}