{
  "geometry_of_truth_cities": {
    "auroc": 0.9993325917686318,
    "ci_lo": 0.9976228571428571,
    "ci_hi": 1.0,
    "accuracy": 0.9966666666666667,
    "f1_macro": 0.996662179151971,
    "delta": -0.0006674082313682383,
    "baseline": 1.0,
    "meta_C": 1.0,
    "n_meta_features": 306,
    "n_views": 10,
    "leave_one_view_out": {
      "repr_input_last": {
        "auroc_without": 0.999154616240267,
        "contribution": 0.00017797552836473773
      },
      "repr_input_mean": {
        "auroc_without": 0.9988431590656285,
        "contribution": 0.0004894327030032786
      },
      "repr_gen_last": {
        "auroc_without": 0.9996885428253615,
        "contribution": -0.0003559510567296975
      },
      "repr_gen_mean": {
        "auroc_without": 0.9993325917686318,
        "contribution": 0.0
      },
      "attn_head_act": {
        "auroc_without": 0.999154616240267,
        "contribution": 0.00017797552836473773
      },
      "attn_input_stats": {
        "auroc_without": 0.9989766407119021,
        "contribution": 0.0003559510567296975
      },
      "attn_input_vnorms": {
        "auroc_without": 0.9988431590656285,
        "contribution": 0.0004894327030032786
      },
      "attn_gen_stats": {
        "auroc_without": 0.999599555061179,
        "contribution": -0.00026696329254727313
      },
      "conf_input": {
        "auroc_without": 0.9993325917686318,
        "contribution": 0.0
      },
      "conf_gen": {
        "auroc_without": 0.9992436040044494,
        "contribution": 8.898776418231336e-05
      }
    }
  },
  "metatool_task1": {
    "auroc": 0.9957470414201184,
    "ci_lo": 0.9887292194984502,
    "ci_hi": 1.0,
    "accuracy": 0.9711538461538461,
    "f1_macro": 0.9711538461538461,
    "delta": -0.0024529585798815923,
    "baseline": 0.9982,
    "meta_C": 0.003,
    "n_meta_features": 306,
    "n_views": 10,
    "leave_one_view_out": {
      "repr_input_last": {
        "auroc_without": 0.99426775147929,
        "contribution": 0.0014792899408283544
      },
      "repr_input_mean": {
        "auroc_without": 0.9950073964497042,
        "contribution": 0.0007396449704142327
      },
      "repr_gen_last": {
        "auroc_without": 0.9960244082840236,
        "contribution": -0.00027736686390522625
      },
      "repr_gen_mean": {
        "auroc_without": 0.9943602071005917,
        "contribution": 0.0013868343195266863
      },
      "attn_head_act": {
        "auroc_without": 0.995469674556213,
        "contribution": 0.00027736686390533727
      },
      "attn_input_stats": {
        "auroc_without": 0.9961168639053254,
        "contribution": -0.00036982248520700534
      },
      "attn_input_vnorms": {
        "auroc_without": 0.9956545857988165,
        "contribution": 9.245562130189011e-05
      },
      "attn_gen_stats": {
        "auroc_without": 0.9957470414201184,
        "contribution": 0.0
      },
      "conf_input": {
        "auroc_without": 0.9957470414201184,
        "contribution": 0.0
      },
      "conf_gen": {
        "auroc_without": 0.9957470414201184,
        "contribution": 0.0
      }
    }
  },
  "retrievalqa": {
    "auroc": 0.9456225150074062,
    "ci_lo": 0.9286527907217563,
    "ci_hi": 0.9625475534566443,
    "accuracy": 0.8725314183123878,
    "f1_macro": 0.8711341381950893,
    "delta": 0.006622515007406293,
    "baseline": 0.939,
    "meta_C": 0.003,
    "n_meta_features": 306,
    "n_views": 10,
    "leave_one_view_out": {
      "repr_input_last": {
        "auroc_without": 0.9436864946337153,
        "contribution": 0.0019360203736908943
      },
      "repr_input_mean": {
        "auroc_without": 0.9425300797796315,
        "contribution": 0.0030924352277746925
      },
      "repr_gen_last": {
        "auroc_without": 0.9464800810789741,
        "contribution": -0.000857566071567839
      },
      "repr_gen_mean": {
        "auroc_without": 0.945583534731426,
        "contribution": 3.898027598026044e-05
      },
      "attn_head_act": {
        "auroc_without": 0.9453236662248902,
        "contribution": 0.00029884878251607017
      },
      "attn_input_stats": {
        "auroc_without": 0.9456095215820794,
        "contribution": 1.2993425326790486e-05
      },
      "attn_input_vnorms": {
        "auroc_without": 0.9460902783191705,
        "contribution": -0.00046776331176423547
      },
      "attn_gen_stats": {
        "auroc_without": 0.9458044229619812,
        "contribution": -0.0001819079545749558
      },
      "conf_input": {
        "auroc_without": 0.9462202125724384,
        "contribution": -0.0005976975650321403
      },
      "conf_gen": {
        "auroc_without": 0.9458953769392688,
        "contribution": -0.0002728619318626002
      }
    }
  },
  "common_claim_3class": {
    "auroc": 0.7764368416144949,
    "ci_lo": 0.7529244761082715,
    "ci_hi": 0.7994608960212123,
    "accuracy": 0.665,
    "f1_macro": 0.5060578994450907,
    "delta": 0.018836841614494837,
    "baseline": 0.7576,
    "meta_C": 0.0003,
    "n_meta_features": 480,
    "n_views": 11,
    "leave_one_view_out": {
      "repr_input_last": {
        "auroc_without": 0.7702785533225631,
        "contribution": 0.006158288291931768
      },
      "repr_input_mean": {
        "auroc_without": 0.775602649162744,
        "contribution": 0.0008341924517508703
      },
      "repr_gen_last": {
        "auroc_without": 0.7770255345614946,
        "contribution": -0.0005886929469997026
      },
      "repr_gen_mean": {
        "auroc_without": 0.7754307421546542,
        "contribution": 0.001006099459840648
      },
      "attn_head_act": {
        "auroc_without": 0.7775412137461556,
        "contribution": -0.0011043721316607025
      },
      "attn_input_stats": {
        "auroc_without": 0.7757725576950852,
        "contribution": 0.0006642839194096473
      },
      "attn_input_vnorms": {
        "auroc_without": 0.7786949976903016,
        "contribution": -0.0022581560758067054
      },
      "attn_gen_stats": {
        "auroc_without": 0.7768629808293098,
        "contribution": -0.00042613921481493566
      },
      "conf_input": {
        "auroc_without": 0.7765018328922934,
        "contribution": -6.499127779846514e-05
      },
      "conf_gen": {
        "auroc_without": 0.7763930144170762,
        "contribution": 4.382719741868879e-05
      },
      "probe_methods": {
        "auroc_without": 0.7736305476304244,
        "contribution": 0.002806293984070507
      }
    }
  },
  "e2h_amc_3class": {
    "auroc": 0.914031799370114,
    "ci_lo": 0.9066317670556803,
    "ci_hi": 0.9210706868491565,
    "accuracy": 0.7710924369747899,
    "f1_macro": 0.7331188201173106,
    "delta": 0.020631799370114057,
    "baseline": 0.8934,
    "meta_C": 0.003,
    "n_meta_features": 480,
    "n_views": 11,
    "leave_one_view_out": {
      "repr_input_last": {
        "auroc_without": 0.9118021389718601,
        "contribution": 0.0022296603982538965
      },
      "repr_input_mean": {
        "auroc_without": 0.9124286231768619,
        "contribution": 0.0016031761932521205
      },
      "repr_gen_last": {
        "auroc_without": 0.9145883297480207,
        "contribution": -0.0005565303779067055
      },
      "repr_gen_mean": {
        "auroc_without": 0.9143611916112752,
        "contribution": -0.00032939224116113053
      },
      "attn_head_act": {
        "auroc_without": 0.9125786732356133,
        "contribution": 0.0014531261345007707
      },
      "attn_input_stats": {
        "auroc_without": 0.9143549275638208,
        "contribution": -0.0003231281937067232
      },
      "attn_input_vnorms": {
        "auroc_without": 0.9149614608743483,
        "contribution": -0.000929661504234236
      },
      "attn_gen_stats": {
        "auroc_without": 0.9154345707718319,
        "contribution": -0.0014027714017178505
      },
      "conf_input": {
        "auroc_without": 0.9138589196360664,
        "contribution": 0.00017287973404767065
      },