{
  "geometry_of_truth_cities": {
    "auroc": 0.9988431590656285,
    "accuracy": 0.9966666666666667,
    "f1_macro": 0.996662179151971,
    "ci_lo": 0.9959539651141882,
    "ci_hi": 1.0,
    "delta": -0.001156840934371517,
    "baseline": 1.0,
    "meta_C": 0.1,
    "n_views": 10,
    "n_meta_features": 20,
    "view_aurocs": {
      "repr_input_mean": 0.9996885428253615,
      "attn_head_act": 0.999599555061179,
      "attn_input_vnorms": 0.999154616240267,
      "attn_input_stats": 0.9981757508342604,
      "repr_gen_mean": 0.9962625139043382,
      "repr_input_last": 0.994972191323693,
      "attn_gen_stats": 0.9793103448275863,
      "repr_gen_last": 0.9719243604004449,
      "conf_input_logits": 0.952035595105673,
      "conf_gen_logits": 0.7305450500556173
    },
    "leave_one_view_out": {
      "attn_gen_stats": {
        "auroc_without": 0.9989321468298109,
        "contribution": -8.898776418242438e-05
      },
      "attn_head_act": {
        "auroc_without": 0.99853170189099,
        "contribution": 0.0003114571746384298
      },
      "attn_input_stats": {
        "auroc_without": 0.9991101223581758,
        "contribution": -0.00026696329254727313
      },
      "attn_input_vnorms": {
        "auroc_without": 0.9987541713014461,
        "contribution": 8.898776418242438e-05
      },
      "conf_gen_logits": {
        "auroc_without": 0.9988431590656285,
        "contribution": 0.0
      },
      "conf_input_logits": {
        "auroc_without": 0.9990211345939933,
        "contribution": -0.00017797552836484876
      },
      "repr_gen_last": {
        "auroc_without": 0.9987541713014461,
        "contribution": 8.898776418242438e-05
      },
      "repr_gen_mean": {
        "auroc_without": 0.9988431590656285,
        "contribution": 0.0
      },
      "repr_input_last": {
        "auroc_without": 0.999377085650723,
        "contribution": -0.0005339265850945463
      },
      "repr_input_mean": {
        "auroc_without": 0.9988876529477198,
        "contribution": -4.44938820912677e-05
      }
    }
  },
  "metatool_task1": {
    "auroc": 0.9970414201183432,
    "accuracy": 0.9759615384615384,
    "f1_macro": 0.9759609828259714,
    "ci_lo": 0.9922157353350015,
    "ci_hi": 1.0,
    "delta": -0.001158579881656796,
    "baseline": 0.9982,
    "meta_C": 1.0,
    "n_views": 10,
    "n_meta_features": 20,
    "view_aurocs": {
      "attn_head_act": 0.9969489644970415,
      "repr_input_last": 0.9964866863905325,
      "repr_input_mean": 0.9938979289940828,
      "attn_input_stats": 0.9882581360946746,
      "attn_input_vnorms": 0.9809541420118343,
      "repr_gen_mean": 0.9800295857988166,
      "attn_gen_stats": 0.9088387573964496,
      "repr_gen_last": 0.8680658284023669,
      "conf_input_logits": 0.7492603550295859,
      "conf_gen_logits": 0.5146079881656804
    },
    "leave_one_view_out": {
      "attn_gen_stats": {
        "auroc_without": 0.9972263313609468,
        "contribution": -0.0001849112426036692
      },
      "attn_head_act": {
        "auroc_without": 0.9969489644970415,
        "contribution": 9.245562130166807e-05
      },
      "attn_input_stats": {
        "auroc_without": 0.9972263313609467,
        "contribution": -0.00018491124260355818
      },
      "attn_input_vnorms": {
        "auroc_without": 0.9967640532544378,
        "contribution": 0.00027736686390533727
      },
      "conf_gen_logits": {
        "auroc_without": 0.9968565088757396,
        "contribution": 0.00018491124260355818
      },
      "conf_input_logits": {
        "auroc_without": 0.997133875739645,
        "contribution": -9.245562130177909e-05
      },
      "repr_gen_last": {
        "auroc_without": 0.9973187869822485,
        "contribution": -0.00027736686390533727
      },
      "repr_gen_mean": {
        "auroc_without": 0.9967640532544378,
        "contribution": 0.00027736686390533727
      },
      "repr_input_last": {
        "auroc_without": 0.9968565088757396,
        "contribution": 0.00018491124260355818
      },
      "repr_input_mean": {
        "auroc_without": 0.9969489644970414,
        "contribution": 9.245562130177909e-05
      }
    }
  },
  "retrievalqa": {
    "auroc": 0.9416075465814298,
    "accuracy": 0.8689407540394973,
    "f1_macro": 0.8672965519492175,
    "ci_lo": 0.9232392335718592,
    "ci_hi": 0.9596255274261603,
    "delta": 0.0026075465814298093,
    "baseline": 0.939,
    "meta_C": 0.1,
    "n_views": 10,
    "n_meta_features": 20,
    "view_aurocs": {
      "attn_head_act": 0.9440243236922117,
      "repr_input_last": 0.9436215275070814,
      "repr_input_mean": 0.9428419219874744,
      "attn_input_stats": 0.9259894493386347,
      "attn_input_vnorms": 0.9105662534757413,
      "repr_gen_mean": 0.8976507887009173,
      "attn_gen_stats": 0.8135573399859671,
      "repr_gen_last": 0.783152724721291,
      "conf_input_logits": 0.6980717756815051,
      "conf_gen_logits": 0.5453600478158052
    },
    "leave_one_view_out": {
      "attn_gen_stats": {
        "auroc_without": 0.9414256386268548,
        "contribution": 0.0001819079545749558
      },
      "attn_head_act": {
        "auroc_without": 0.9417374808346977,
        "contribution": -0.00012993425326790486
      },
      "attn_input_stats": {
        "auroc_without": 0.9417244874093709,
        "contribution": -0.00011694082794111438
      },
      "attn_input_vnorms": {
        "auroc_without": 0.9413996517762012,
        "contribution": 0.00020789480522853676
      },
      "conf_gen_logits": {
        "auroc_without": 0.9421012967438476,
        "contribution": -0.0004937501624178164
      },
      "conf_input_logits": {
        "auroc_without": 0.9445700475559367,
        "contribution": -0.0029625009745068986
      },
      "repr_gen_last": {
        "auroc_without": 0.9416855071333905,
        "contribution": -7.796055196074292e-05
      },
      "repr_gen_mean": {
        "auroc_without": 0.9412957043735869,
        "contribution": 0.00031184220784286065
      },
      "repr_input_last": {
        "auroc_without": 0.9404771185779994,
        "contribution": 0.0011304280034303282
      },
      "repr_input_mean": {
        "auroc_without": 0.9389828746654192,
        "contribution": 0.002624671916010568
      }
    }
  },
  "common_claim_3class": {
    "auroc": 0.773832898723608,
    "accuracy": 0.666,
    "f1_macro": 0.5100133261052373,
    "ci_lo": 0.74952622143317,
    "ci_hi": 0.7975475461343468,
    "delta": 0.016232898723608002,
    "baseline": 0.7576,
    "meta_C": 0.003,
    "n_views": 11,
    "n_meta_features": 33,
    "view_aurocs": {
      "repr_input_last": 0.7826417994005661,
      "probe_methods": 0.7785439978271101,
      "attn_head_act": 0.7572301106192815,
      "repr_input_mean": 0.7510588640191855,
      "attn_input_stats": 0.7452616698964976,
      "attn_input_vnorms": 0.7187632892809296,
      "repr_gen_mean": 0.660960233020279,
      "attn_gen_stats": 0.5896386112377918,
      "conf_input_logits": 0.5626290785827699,
      "repr_gen_last": 0.53006265336204,
      "conf_gen_logits": 0.5003894597620799
    },
    "leave_one_view_out": {
      "attn_gen_stats": {
        "auroc_without": 0.7742360330910264,
        "contribution": -0.0004031343674183452
      },
      "attn_head_act": {
        "auroc_without": 0.7765106791479738,
        "contribution": -0.0026777804243657277
      },
      "attn_input_stats": {
        "auroc_without": 0.7730180546326898,
        "contribution": 0.0008148440909182542
      },
      "attn_input_vnorms": {
        "auroc_without": 0.7747785363659289,
        "contribution": -0.0009456376423208068
      },
      "conf_gen_logits": {
        "auroc_without": 0.7736897611796593,
        "contribution": 0.0001431375439487903
      },
      "conf_input_logits": {
        "auroc_without": 0.7741651601279799,
        "contribution": -0.0003322614043718142
      },
      "probe_methods": {
        "auroc_without": 0.7698933739794378,
        "contribution": 0.003939524744170253
      },