{
  "common_claim_3class": {
    "auroc": 0.7287930257263308,
    "accuracy": 0.539,
    "f1_macro": 0.49856895521256644,
    "delta": -0.028806974273669295,
    "best_val_auroc": 0.7622246329637723,
    "n_params": 492858
  },
  "e2h_amc_3class": {
    "auroc": 0.8702784034359854,
    "accuracy": 0.7038655462184874,
    "f1_macro": 0.6664963365828891,
    "delta": -0.02312159656401458,
    "best_val_auroc": 0.8776252637885489,
    "n_params": 492858
  },
  "e2h_amc_5class": {
    "auroc": 0.8572558251892582,
    "accuracy": 0.5576470588235294,
    "f1_macro": 0.4914040860989083,
    "delta": -0.01794417481074173,
    "best_val_auroc": 0.8523298910815009,
    "n_params": 493638
  },
  "when2call_3class": {
    "auroc": 0.7872987658736047,
    "accuracy": 0.6142270861833106,
    "f1_macro": 0.6140847864004729,
    "delta": -0.08680123412639529,
    "best_val_auroc": 0.819811320754717,
    "n_params": 492858
  }
}