{
  "common_claim_3class": {
    "avg_probs": {
      "auroc": 0.7685193975800241,
      "accuracy": 0.657,
      "f1_macro": 0.45032339661230925
    },
    "weighted_avg_probs": {
      "auroc": 0.7731037251774788,
      "accuracy": 0.671,
      "f1_macro": 0.5049494821891677,
      "weights": {
        "lr_probe": 0.22048537345281274,
        "pca_lr": 0.23711921047193754,
        "iti": 0.1555365987657806,
        "kb_mlp": 0.20401799075896643,
        "attn_satisfies": 0.1358535527868203,
        "sep": 0.021904263864287395,
        "step": 0.025083009899395062
      }
    },
    "cv_stacking": {
      "auroc": 0.7747596514705832,
      "accuracy": 0.673,
      "f1_macro": 0.5198405200121888,
      "best_C": 0.1
    },
    "concat_lr_cv": {
      "auroc": 0.7597154757648296,
      "accuracy": 0.645,
      "f1_macro": 0.5161519795987085,
      "best_C": 0.001
    },
    "concat_mlp_cv": {
      "auroc": 0.7401402157132586,
      "accuracy": 0.64,
      "f1_macro": 0.502378782885082
    },
    "cv_stacking+feats": {
      "auroc": 0.6834932401727906,
      "accuracy": 0.576,
      "f1_macro": 0.48411121205238855,
      "best_C": 10.0
    }
  },
  "e2h_amc_3class": {
    "avg_probs": {
      "auroc": 0.8960356304373485,
      "accuracy": 0.7435294117647059,
      "f1_macro": 0.6972495472799071
    },
    "weighted_avg_probs": {
      "auroc": 0.902822630854247,
      "accuracy": 0.7603361344537816,
      "f1_macro": 0.7202958376332989,
      "weights": {
        "lr_probe": 0.22050878393897877,
        "pca_lr": 0.24948811881859315,
        "iti": 0.1815699006031344,
        "kb_mlp": 0.1588130026090568,
        "attn_satisfies": 0.1542521127483482,
        "sep": 0.02173977477984761,
        "step": 0.013628306502041044
      }
    },
    "cv_stacking": {
      "auroc": 0.9027449673512216,
      "accuracy": 0.7452100840336134,
      "f1_macro": 0.6795632670335001,
      "best_C": 0.01
    },
    "concat_lr_cv": {
      "auroc": 0.884354564200077,
      "accuracy": 0.7273949579831933,
      "f1_macro": 0.6828672795401077,
      "best_C": 0.001
    },
    "concat_mlp_cv": {
      "auroc": 0.8689613346241248,
      "accuracy": 0.705546218487395,
      "f1_macro": 0.6616520331441909
    },
    "cv_stacking+feats": {
      "auroc": 0.8720822549804531,
      "accuracy": 0.7126050420168067,
      "f1_macro": 0.6700787018627773,
      "best_C": 0.01
    }
  },
  "e2h_amc_5class": {
    "avg_probs": {
      "auroc": 0.8745397342892348,
      "accuracy": 0.614453781512605,
      "f1_macro": 0.5613229688464946
    },
    "weighted_avg_probs": {
      "auroc": 0.8842050091735743,
      "accuracy": 0.6164705882352941,
      "f1_macro": 0.5657053925038922,
      "weights": {
        "lr_probe": 0.20510225496637055,
        "pca_lr": 0.27660850474976845,
        "iti": 0.17487899049132943,
        "kb_mlp": 0.16507476331869134,
        "attn_satisfies": 0.13877116647441537,
        "sep": 0.02256940083436375,
        "step": 0.016994919165061052
      }
    },
    "cv_stacking": {
      "auroc": 0.8837117313759839,
      "accuracy": 0.6107563025210084,
      "f1_macro": 0.5308102726751476,
      "best_C": 0.1
    },
    "concat_lr_cv": {
      "auroc": 0.8726603382215196,
      "accuracy": 0.5949579831932773,
      "f1_macro": 0.5395343436948484,
      "best_C": 0.001
    },
    "concat_mlp_cv": {
      "auroc": 0.8116989627258556,
      "accuracy": 0.5115966386554622,
      "f1_macro": 0.44677774372697276
    },
    "cv_stacking+feats": {
      "auroc": 0.8583313011068746,
      "accuracy": 0.5754621848739496,
      "f1_macro": 0.5250730135131431,
      "best_C": 0.01
    }
  },
  "when2call_3class": {
    "avg_probs": {
      "auroc": 0.8415232193281849,
      "accuracy": 0.6703146374829001,
      "f1_macro": 0.6565258337060285
    },
    "weighted_avg_probs": {
      "auroc": 0.847090483041784,
      "accuracy": 0.6771545827633378,
      "f1_macro": 0.665821174560199,
      "weights": {
        "lr_probe": 0.2469784255328978,
        "pca_lr": 0.19061876747816645,
        "iti": 0.19694283552388794,
        "kb_mlp": 0.1683736254657841,
        "attn_satisfies": 0.1684369597589414,
        "sep": 0.013628274468121137,
        "step": 0.015021111772201237
      }
    },
    "cv_stacking": {
      "auroc": 0.852139187750312,
      "accuracy": 0.6880984952120383,
      "f1_macro": 0.6765310707988913,
      "best_C": 0.1
    },
    "concat_lr_cv": {
      "auroc": 0.8512745301656737,
      "accuracy": 0.6744186046511628,
      "f1_macro": 0.667855095775384,
      "best_C": 0.001
    },
    "concat_mlp_cv": {
      "auroc": 0.8179762009733363,
      "accuracy": 0.625170998632011,
      "f1_macro": 0.6185040047822005
    },
    "cv_stacking+feats": {
      "auroc": 0.8577979430509867,
      "accuracy": 0.7140902872777017,
      "f1_macro": 0.7083473242333916,
      "best_C": 0.1
    }
  }
}