{
  "baseline_iti": 0.8808,
  "full (7 probes)": 0.8896980180370513,
  "full (12 probes)": 0.8628889211660263,
  "probes_only (7)": 0.877827367197919,
  "probes_only (12)": 0.836163451423642,
  "input_hidden_only": 0.8734787565086114,
  "input_hidden+probes7": 0.8861900800619721,
  "no_gen_hidden": 0.891088869229178,
  "no_attn": 0.8872684298786525,
  "direct_only": 0.8767006016751834,
  "no_traj": 0.8881927297215216,
  "iti_only": 0.8601644373434743,
  "top3_probes": 0.8677745060497625
}